"자전거대여소명",자전거대여소구분,소재지도로명주소,소재지지번주소,위도,경도,운영시작시각,운영종료시각,휴무일,요금구분,자전거이용요금,자전거보유대수,거치대수,공기주입기비치여부,공기주입기유형,수리대설치여부,관리기관전화번호,관리기관명,데이터기준일자
"세종시청 정문",무인대여소,,세종특별자치시 보람동 666,36.478725,127.288507,00:00,23:59,없음,유료,1000원,20,,N,,N,1899-9161,세종특별자치시청,2019-08-13
"보람동 시드니하트",무인대여소,,세종특별자치시 보람동 616-1,36.484045,127.294110,00:00,23:59,없음,유료,1000원,20,,N,,N,1899-9161,세종특별자치시청,2019-08-13
"세종시청 후문",무인대여소,,세종특별자치시 보람동 663,36.480258,127.288405,00:00,23:59,없음,유료,1000원,20,,N,,N,1899-9161,세종특별자치시청,2019-08-13
"세종시청후문 잔디광장",무인대여소,,세종특별자치시 보람동 626-2,36.4808265151,127.2888087478,00:00,23:59,없음,유료,1000원,20,,N,,N,1899-9161,세종특별자치시청,2019-08-13
"신동아파밀리에4차 302동 건너편",무인대여소,,세종특별자치시 보람동 664-47,36.477518,127.281104,00:00,23:59,없음,유료,1000원,20,,N,,N,1899-9161,세종특별자치시청,2019-08-13
"세종시 교육청",무인대여소,,세종특별자치시 보람동 664-17,36.477736,127.286182,00:00,23:59,없음,유료,1000원,20,,N,,N,1899-9161,세종특별자치시청,2019-08-13
"세종우체국 건너편",무인대여소,,세종특별자치시 보람동 623-5,36.482037,127.2920729750,00:00,23:59,없음,유료,1000원,20,,N,,N,1899-9161,세종특별자치시청,2019-08-13
"새샘마을315동앞",무인대여소,,세종특별자치시 보람동 617-5,36.4837468243,127.2946987312,00:00,23:59,없음,유료,1000원,20,,N,,N,1899-9161,세종특별자치시청,2019-08-13
"호려울마을8단지정문",무인대여소,,세종특별자치시 보람동 638-1,36.478090,127.295555,00:00,23:59,없음,유료,1000원,20,,N,,N,1899-9161,세종특별자치시청,2019-08-13
"호려울마을8단지버스정류장",무인대여소,,세종특별자치시 보람동 635-8,36.479951,127.297308,00:00,23:59,없음,유료,1000원,20,,N,,N,1899-9161,세종특별자치시청,2019-08-13
"새샘마을511동건너편",무인대여소,,세종특별자치시 반곡동 203-278,36.481427,127.307880,00:00,23:59,없음,유료,1000원,20,,N,,N,1899-9161,세종특별자치시청,2019-08-13
"새샘마을216동앞BRT",무인대여소,,세종특별자치시 소담동 32-123,36.4829318302,127.2979440429,00:00,23:59,없음,유료,1000원,20,,N,,N,1899-9161,세종특별자치시청,2019-08-13
"새샘마을217동앞BRT",무인대여소,,세종특별자치시 소담동 32-127,36.483134,127.298771,00:00,23:59,없음,유료,1000원,20,,N,,N,1899-9161,세종특별자치시청,2019-08-13
"새샘마을308동앞BRT",무인대여소,,세종특별자치시 소담동 32-123,36.4829318302,127.297934,00:00,23:59,없음,유료,1000원,20,,N,,N,1899-9161,세종특별자치시청,2019-08-13
"새샘마을307동앞BRT",무인대여소,,세종특별자치시 소담동 32-127,36.483792,127.298764,00:00,23:59,없음,유료,1000원,20,,N,,N,1899-9161,세종특별자치시청,2019-08-13
"새샘마을316동앞",무인대여소,,세종특별자치시 소담동 333-7,36.484831,127.295217,00:00,23:59,없음,유료,1000원,20,,N,,N,1899-9161,세종특별자치시청,2019-08-13
"새샘마을316동건너편",무인대여소,,세종특별자치시 소담동 333-1,36.485029,127.294893,00:00,23:59,없음,유료,1000원,20,,N,,N,1899-9161,세종특별자치시청,2019-08-13
"새샘마을301동건너편",무인대여소,,세종특별자치시 소담동 333-6,36.485517,127.295293,00:00,23:59,없음,유료,1000원,20,,N,,N,1899-9161,세종특별자치시청,2019-08-13
"별뜰근린공원",무인대여소,,세종특별자치시 다정동 409,36.4995126626,127.2359060424,00:00,23:59,없음,유료,1000원,20,,N,,N,1899-9161,세종특별자치시청,2019-08-13
"글벗초등학교건너편(금강쪽)",무인대여소,,세종특별자치시 소담동 509-6,36.487322,127.2969028161,00:00,23:59,없음,유료,1000원,20,,N,,N,1899-9161,세종특별자치시청,2019-08-13
"새샘마을803동앞BRT",무인대여소,,세종특별자치시 소담동 332-4,36.4873803230,127.3013539524,00:00,23:59,없음,유료,1000원,20,,N,,N,1899-9161,세종특별자치시청,2019-08-13
"새샘마을803동건너편BRT",무인대여소,,세종특별자치시 소담동 332-4,36.4873803230,127.3013539524,00:00,23:59,없음,유료,1000원,20,,N,,N,1899-9161,세종특별자치시청,2019-08-13
"새샘마을512동버스정류장",무인대여소,,세종특별자치시 소담동 9-3,36.481462,127.307428,00:00,23:59,없음,유료,1000원,20,,N,,N,1899-9161,세종특별자치시청,2019-08-13
"새샘마을511동버스정류장",무인대여소,,세종특별자치시 소담동 9-220,36.480931,127.307691,00:00,23:59,없음,유료,1000원,20,,N,,N,1899-9161,세종특별자치시청,2019-08-13
"새샘마을512동버스정류장건너편",무인대여소,,세종특별자치시 반곡동 203-278,36.481517,127.307863,00:00,23:59,없음,유료,1000원,20,,N,,N,1899-9161,세종특별자치시청,2019-08-13
"새샘마을511동버스정류장건너편",무인대여소,,세종특별자치시 소담동 9-5,36.481066,127.308087,00:00,23:59,없음,유료,1000원,20,,N,,N,1899-9161,세종특별자치시청,2019-08-13
"새샘마을902동앞",무인대여소,,세종특별자치시 소담동 283-5,36.490075,127.298625,00:00,23:59,없음,유료,1000원,20,,N,,N,1899-9161,세종특별자치시청,2019-08-13
"새샘마을903동건너편",무인대여소,,세종특별자치시 소담동 282-2,36.490841,127.298701,00:00,23:59,없음,유료,1000원,20,,N,,N,1899-9161,세종특별자치시청,2019-08-13
"새샘마을602동버스정류장",무인대여소,,세종특별자치시 소담동 산9,36.4821862939,127.3073221227,00:00,23:59,없음,유료,1000원,20,,N,,N,1899-9161,세종특별자치시청,2019-08-13
"새샘마을602동버스정류장건너편",무인대여소,,세종특별자치시 반곡동 산148,36.482526,127.307528,00:00,23:59,없음,유료,1000원,20,,N,,N,1899-9161,세종특별자치시청,2019-08-13
"한국조세재정연구원건너편버스정류장",무인대여소,,세종특별자치시 반곡동 산68,36.4943444731,127.3012998424,00:00,23:59,없음,유료,1000원,20,,N,,N,1899-9161,세종특별자치시청,2019-08-13
"국책연구단지건너편버스정류장",무인대여소,,세종특별자치시 반곡동 735,36.4962058786,127.3035033313,00:00,23:59,없음,유료,1000원,20,,N,,N,1899-9161,세종특별자치시청,2019-08-13
e편한세상613동앞BRT,무인대여소,,세종특별자치시 대평동 613-2,36.475127,127.280487,00:00,23:59,없음,유료,1000원,20,,N,,N,1899-9161,세종특별자치시청,2019-08-13
"투머로우시티513동앞BRT",무인대여소,,세종특별자치시 보람동 664-134,36.474907,127.280865,00:00,23:59,없음,유료,1000원,20,,N,,N,1899-9161,세종특별자치시청,2019-08-13
"대평동씨티오브드림BRT1",무인대여소,,세종특별자치시 대평동 63-16,36.4732805673,127.277222185,00:00,23:59,없음,유료,1000원,20,,N,,N,1899-9161,세종특별자치시청,2019-08-13
"대평동씨티오브드림BRT2",무인대여소,,세종특별자치시 대평동 65-12,36.472293,127.276106,00:00,23:59,없음,유료,1000원,20,,N,,N,1899-9161,세종특별자치시청,2019-08-13
"대평동씨티오브드림BRT3",무인대여소,,세종특별자치시 대평동 125-3,36.471963,127.275669,00:00,23:59,없음,유료,1000원,20,,N,,N,1899-9161,세종특별자치시청,2019-08-13
"대평동세종메디컬센터BRT1",무인대여소,,세종특별자치시 대평동 548,36.472382,127.277055,00:00,23:59,없음,유료,1000원,20,,N,,N,1899-9161,세종특별자치시청,2019-08-13
"대평동세종메디컬센터BRT2",무인대여소,,세종특별자치시 대평동 65-15,36.472197,127.276779,00:00,23:59,없음,유료,1000원,20,,N,,N,1899-9161,세종특별자치시청,2019-08-13
"대평동세종메디컬센터BRT3",무인대여소,,세종특별자치시 대평동 152-7,36.471763,127.276105,00:00,23:59,없음,유료,1000원,20,,N,,N,1899-9161,세종특별자치시청,2019-08-13
"해피라움블루건너편",무인대여소,,세종특별자치시 대평동 198-64,36.475098,127.274318,00:00,23:59,없음,유료,1000원,20,,N,,N,1899-9161,세종특별자치시청,2019-08-13
"금강변길",무인대여소,,세종특별자치시 대평동 201-7,36.474216,127.272908,00:00,23:59,없음,유료,1000원,20,,N,,N,1899-9161,세종특별자치시청,2019-08-13
"세종고속시외버스터미널BRT1",무인대여소,,세종특별자치시 대평동 643,36.470563,127.273195,00:00,23:59,없음,유료,1000원,20,,N,,N,1899-9161,세종특별자치시청,2019-08-13
"세종고속시외버스터미널",무인대여소,,세종특별자치시 대평동 499,36.469017,127.274299,00:00,23:59,없음,유료,1000원,20,,N,,N,1899-9161,세종특별자치시청,2019-08-13
"세종시청 서문 거치대",무인대여소,,세종특별자치시 보람동 627-2,36.479836,127.288415,00:00,23:59,없음,유료,1000원,20,,N,,N,1899-9161,세종특별자치시청,2019-08-13
"세종보 입구",무인대여소,,세종특별자치시 연기면 세종리 1054,36.476538,127.259123,00:00,23:59,없음,유료,1000원,20,,N,,N,1899-9161,세종특별자치시청,2019-08-13
"한솔중학교버스승강장",무인대여소,,세종특별자치시 한솔동 976,36.4758389407,127.2558279121,00:00,23:59,없음,유료,1000원,20,,N,,N,1899-9161,세종특별자치시청,2019-08-13
"첫마을7단지702동앞",무인대여소,,세종특별자치시 한솔동 1234,36.4753330572,127.2559014476,00:00,23:59,없음,유료,1000원,20,,N,,N,1899-9161,세종특별자치시청,2019-08-13
"첫마을6단지617동옆",무인대여소,,세종특별자치시 한솔동 1229,36.475626,127.252013,00:00,23:59,없음,유료,1000원,20,,N,,N,1899-9161,세종특별자치시청,2019-08-13
"한솔초등학교",무인대여소,,세종특별자치시 한솔동 1238,36.477596,127.252029,00:00,23:59,없음,유료,1000원,20,,N,,N,1899-9161,세종특별자치시청,2019-08-13
"첫마을5단지525옆",무인대여소,,세종특별자치시 한솔동 1229,36.477601,127.250310,00:00,23:59,없음,유료,1000원,20,,N,,N,1899-9161,세종특별자치시청,2019-08-13
"한솔동주민센터",무인대여소,,세종특별자치시 한솔동 1230,36.479357,127.254900,00:00,23:59,없음,유료,1000원,20,,N,,N,1899-9161,세종특별자치시청,2019-08-13
"첫마을4단지404동앞",무인대여소,,세종특별자치시 한솔동 1229,36.481052,127.253419,00:00,23:59,없음,유료,1000원,20,,N,,N,1899-9161,세종특별자치시청,2019-08-13
"첫마을4단지402동앞",무인대여소,,세종특별자치시 한솔동 1229,36.480223,127.251569,00:00,23:59,없음,유료,1000원,20,,N,,N,1899-9161,세종특별자치시청,2019-08-13
"한솔동1단지",무인대여소,,세종특별자치시 한솔동 1231,36.482133,127.259645,00:00,23:59,없음,유료,1000원,20,,N,,N,1899-9161,세종특별자치시청,2019-08-13
"한솔동3단지",무인대여소,,세종특별자치시 한솔동 1232,36.479804,127.260400,00:00,23:59,없음,유료,1000원,20,,N,,N,1899-9161,세종특별자치시청,2019-08-13
"한솔동금강프라자금강방향",무인대여소,,세종특별자치시 나성동 724,36.479048,127.262571,00:00,23:59,없음,유료,1000원,20,,N,,N,1899-9161,세종특별자치시청,2019-08-13
"한솔동금강프라자단지방향",무인대여소,,세종특별자치시 나성동 723,36.4793264587,127.262469441,00:00,23:59,없음,유료,1000원,20,,N,,N,1899-9161,세종특별자치시청,2019-08-13
"새뜸마을1단지정문(102동앞)",무인대여소,,세종특별자치시 새롬동 산77,36.482801,127.248515,00:00,23:59,없음,유료,1000원,20,,N,,N,1899-9161,세종특별자치시청,2019-08-13
"새뜸마을5단지",무인대여소,,세종특별자치시 새롬동 341-114,36.483183,127.251107,00:00,23:59,없음,유료,1000원,20,,N,,N,1899-9161,세종특별자치시청,2019-08-13
"새뜸마을8단지건너편",무인대여소,,세종특별자치시 새롬동 341-77,36.4842617331,127.2535052023,00:00,23:59,없음,유료,1000원,20,,N,,N,1899-9161,세종특별자치시청,2019-08-13
"새롬동새뜸프라자앞",무인대여소,,세종특별자치시 새롬동 341-106,36.484200,127.251999,00:00,23:59,없음,유료,1000원,20,,N,,N,1899-9161,세종특별자치시청,2019-08-13
"새롬동주민센터옆",무인대여소,,세종특별자치시 새롬동 산75,36.4852142223,127.2547670186,00:00,23:59,없음,유료,1000원,20,,N,,N,1899-9161,세종특별자치시청,2019-08-13
"새롬동상가세움빌딩앞",무인대여소,,세종특별자치시 새롬동 산75,36.4852142223,127.2547670186,00:00,23:59,없음,유료,1000원,20,,N,,N,1899-9161,세종특별자치시청,2019-08-13
"새롬동상가행운빌딩",무인대여소,,세종특별자치시 새롬동 산26,36.485790,127.250624,00:00,23:59,없음,유료,1000원,20,,N,,N,1899-9161,세종특별자치시청,2019-08-13
"새롬동상가오렌지빌딩",무인대여소,,세종특별자치시 새롬동 산6,36.4866397037,127.25099944,00:00,23:59,없음,유료,1000원,20,,N,,N,1899-9161,세종특별자치시청,2019-08-13
"새롬동해피라움W앞",무인대여소,,세종특별자치시 새롬동 산6,36.4866397037,127.25099944,00:00,23:59,없음,유료,1000원,20,,N,,N,1899-9161,세종특별자치시청,2019-08-13
"새뜸마을1003동건너편",무인대여소,,세종특별자치시 새롬동 산5,36.487309,127.251418,00:00,23:59,없음,유료,1000원,20,,N,,N,1899-9161,세종특별자치시청,2019-08-13
"새뜸마을402동앞로터리",무인대여소,,세종특별자치시 새롬동 454-4,36.486780,127.247663,00:00,23:59,없음,유료,1000원,20,,N,,N,1899-9161,세종특별자치시청,2019-08-13
"새뜸마을703동앞",무인대여소,,세종특별자치시 새롬동 302-1,36.488113,127.250338,00:00,23:59,없음,유료,1000원,20,,N,,N,1899-9161,세종특별자치시청,2019-08-13
"새뜸마을705동앞",무인대여소,,세종특별자치시 새롬동 266,36.489253,127.250133,00:00,23:59,없음,유료,1000원,20,,N,,N,1899-9161,세종특별자치시청,2019-08-13
"새롬종합복지센터좌",무인대여소,,세종특별자치시 새롬동 66-5,36.485805,127.256033,00:00,23:59,없음,유료,1000원,20,,N,,N,1899-9161,세종특별자치시청,2019-08-13
"나성동명동프라자옆BRT",무인대여소,,세종특별자치시 나성동 726,36.487564,127.257124,00:00,23:59,없음,유료,1000원,20,,N,,N,1899-9161,세종특별자치시청,2019-08-13
"다정초다정고사이(봄빛문화공원)",무인대여소,,세종특별자치시 다정동 22-6,36.493183,127.243401,00:00,23:59,없음,유료,1000원,20,,N,,N,1899-9161,세종특별자치시청,2019-08-13
"다정중북측(가온511동앞)",무인대여소,,세종특별자치시 다정동 334,36.494615,127.245049,00:00,23:59,없음,유료,1000원,20,,N,,N,1899-9161,세종특별자치시청,2019-08-13
"다정동the다정빌딩옆",무인대여소,,세종특별자치시 다정동 7-3,36.494859,127.248580,00:00,23:59,없음,유료,1000원,20,,N,,N,1899-9161,세종특별자치시청,2019-08-13
"도란뜰근린공원(가온5단지)",무인대여소,,세종특별자치시 다정동 9-3,36.493878,127.248148,00:00,23:59,없음,유료,1000원,20,,N,,N,1899-9161,세종특별자치시청,2019-08-13
"다정동e편한세상녹지",무인대여소,,세종특별자치시 다정동 363-257,36.490780,127.249509,00:00,23:59,없음,유료,1000원,20,,N,,N,1899-9161,세종특별자치시청,2019-08-13
"가온마을1006동앞녹지(해들뜰근린)",무인대여소,,세종특별자치시 다정동 363-38,36.490872,127.252430,00:00,23:59,없음,유료,1000원,20,,N,,N,1899-9161,세종특별자치시청,2019-08-13
"다정동해들뜰근린(가온1004옆)",무인대여소,,세종특별자치시 다정동 363-337,36.492861,127.252106,00:00,23:59,없음,유료,1000원,20,,N,,N,1899-9161,세종특별자치시청,2019-08-13
"달님뜰근린공원(가온1215옆)",무인대여소,,세종특별자치시 다정동 363-153,36.4933669219,127.2521641628,00:00,23:59,없음,유료,1000원,20,,N,,N,1899-9161,세종특별자치시청,2019-08-13
"가온마을8단지앞상가(페스티발2)",무인대여소,,세종특별자치시 다정동 7-4,36.4944415382,127.248600446,00:00,23:59,없음,유료,1000원,20,,N,,N,1899-9161,세종특별자치시청,2019-08-13
"다정동모닝시티녹지",무인대여소,,세종특별자치시 나성동 734,36.491253,127.255910,00:00,23:59,없음,유료,1000원,20,,N,,N,1899-9161,세종특별자치시청,2019-08-13
"가온마을807동앞녹지(달님뜰근린공원)",무인대여소,,세종특별자치시 다정동 13,36.4956303988,127.2517017732,00:00,23:59,없음,유료,1000원,20,,N,,N,1899-9161,세종특별자치시청,2019-08-13
"가온마을312동앞녹지",무인대여소,,세종특별자치시 다정동 308-5,36.499051,127.240739,00:00,23:59,없음,유료,1000원,20,,N,,N,1899-9161,세종특별자치시청,2019-08-13
"가온마을314동앞녹지",무인대여소,,세종특별자치시 종촌동 710,36.499395,127.243434,00:00,23:59,없음,유료,1000원,20,,N,,N,1899-9161,세종특별자치시청,2019-08-13
"가온마을315동앞녹지(너비뜰근린공원)",무인대여소,,세종특별자치시 다정동 273-4,36.499254,127.244546,00:00,23:59,없음,유료,1000원,20,,N,,N,1899-9161,세종특별자치시청,2019-08-13
"가온마을607동앞녹지",무인대여소,,세종특별자치시 다정동 1-1,36.498814,127.245067,00:00,23:59,없음,유료,1000원,20,,N,,N,1899-9161,세종특별자치시청,2019-08-13
"가온마을603동앞녹지(오래뜰근린공원)",무인대여소,,세종특별자치시 다정동 85-1,36.498982,127.248717,00:00,23:59,없음,유료,1000원,20,,N,,N,1899-9161,세종특별자치시청,2019-08-13
"가온마을603동앞녹지",무인대여소,,세종특별자치시 다정동 85-2,36.498653,127.248864,00:00,23:59,없음,유료,1000원,20,,N,,N,1899-9161,세종특별자치시청,2019-08-13
"가온마을906동앞녹지",무인대여소,,세종특별자치시 다정동 93,36.498909,127.249656,00:00,23:59,없음,유료,1000원,20,,N,,N,1899-9161,세종특별자치시청,2019-08-13
"가온마을904동앞녹지",무인대여소,,세종특별자치시 다정동 95,36.498332,127.251723,00:00,23:59,없음,유료,1000원,20,,N,,N,1899-9161,세종특별자치시청,2019-08-13
"고운동(만남로)",무인대여소,,세종특별자치시 고운동 1816,36.501136,127.236016,00:00,23:59,없음,유료,1000원,20,,N,,N,1899-9161,세종특별자치시청,2019-08-13
"가락마을602동앞",무인대여소,,세종특별자치시 고운동 2057,36.502350,127.239876,00:00,23:59,없음,유료,1000원,20,,N,,N,1899-9161,세종특별자치시청,2019-08-13
"가락마을612동건너편",무인대여소,,세종특별자치시 고운동 1740,36.502561,127.238061,00:00,23:59,없음,유료,1000원,20,,N,,N,1899-9161,세종특별자치시청,2019-08-13
"가락마을704동앞",무인대여소,,세종특별자치시 고운동 1724,36.5051585525,127.2395618,00:00,23:59,없음,유료,1000원,20,,N,,N,1899-9161,세종특별자치시청,2019-08-13
"고운동그랜드프라자앞",무인대여소,,세종특별자치시 고운동 2057,36.505251,127.233817,00:00,23:59,없음,유료,1000원,20,,N,,N,1899-9161,세종특별자치시청,2019-08-13
"가락마을303동앞",무인대여소,,세종특별자치시 고운동 1708,36.5062539795,127.2358964809,00:00,23:59,없음,유료,1000원,20,,N,,N,1899-9161,세종특별자치시청,2019-08-13
"고운중학교",무인대여소,,세종특별자치시 고운동 1709,36.506298,127.237259,00:00,23:59,없음,유료,1000원,20,,N,,N,1899-9161,세종특별자치시청,2019-08-13
"고운중학교버스정류장",무인대여소,,세종특별자치시 고운동 1709,36.506158,127.237513,00:00,23:59,없음,유료,1000원,20,,N,,N,1899-9161,세종특별자치시청,2019-08-13
"가락마을801동앞",무인대여소,,세종특별자치시 고운동 1706,36.5070558198,127.2402789153,00:00,23:59,없음,유료,1000원,20,,N,,N,1899-9161,세종특별자치시청,2019-08-13
"고운동참샘빌딩건너편",무인대여소,,세종특별자치시 고운동 2058,36.506451,127.234265,00:00,23:59,없음,유료,1000원,20,,N,,N,1899-9161,세종특별자치시청,2019-08-13
"고운동마음로버스정류장",무인대여소,,세종특별자치시 고운동 2057,36.507032,127.231786,00:00,23:59,없음,유료,1000원,20,,N,,N,1899-9161,세종특별자치시청,2019-08-13
"으뜸초등학교건너편",무인대여소,,세종특별자치시 고운동 1466,36.507874,127.230843,00:00,23:59,없음,유료,1000원,20,,N,,N,1899-9161,세종특별자치시청,2019-08-13
"가락마을1103동앞",무인대여소,,세종특별자치시 고운동 2057,36.510399,127.229930,00:00,23:59,없음,유료,1000원,20,,N,,N,1899-9161,세종특별자치시청,2019-08-13
"가락마을1302동앞",무인대여소,,세종특별자치시 고운동 1401,36.5138618392,127.2304272810,00:00,23:59,없음,유료,1000원,20,,N,,N,1899-9161,세종특별자치시청,2019-08-13
"가락마을1307동앞",무인대여소,,세종특별자치시 고운동 2057,36.514519,127.229748,00:00,23:59,없음,유료,1000원,20,,N,,N,1899-9161,세종특별자치시청,2019-08-13
"가락마을1004동앞",무인대여소,,세종특별자치시 고운동 2057,36.514329,127.229469,00:00,23:59,없음,유료,1000원,20,,N,,N,1899-9161,세종특별자치시청,2019-08-13
"고운고등학교건너편",무인대여소,,세종특별자치시 고운동 2058,36.510417,127.234014,00:00,23:59,없음,유료,1000원,20,,N,,N,1899-9161,세종특별자치시청,2019-08-13
"고운동(마음안로)",무인대여소,,세종특별자치시 고운동 1411,36.5116891911,127.2325377128,00:00,23:59,없음,유료,1000원,20,,N,,N,1899-9161,세종특별자치시청,2019-08-13
"고운동성당건너편",무인대여소,,세종특별자치시 고운동 1403,36.513286,127.232982,00:00,23:59,없음,유료,1000원,20,,N,,N,1899-9161,세종특별자치시청,2019-08-13
"고운동(마음안로)",무인대여소,,세종특별자치시 고운동 1355,36.515171,127.233130,00:00,23:59,없음,유료,1000원,20,,N,,N,1899-9161,세종특별자치시청,2019-08-13
"고운동(마음로)",무인대여소,,세종특별자치시 고운동 2057,36.516842,127.230700,00:00,23:59,없음,유료,1000원,20,,N,,N,1899-9161,세종특별자치시청,2019-08-13
"고운동(마음로)",무인대여소,,세종특별자치시 고운동 2057,36.516825,127.230874,00:00,23:59,없음,유료,1000원,20,,N,,N,1899-9161,세종특별자치시청,2019-08-13
"고운동침례교회앞",무인대여소,,세종특별자치시 고운동 2057,36.517593,127.231787,00:00,23:59,없음,유료,1000원,20,,N,,N,1899-9161,세종특별자치시청,2019-08-13
"고운동(마음로)",무인대여소,,세종특별자치시 고운동 1152,36.518381,127.232672,00:00,23:59,없음,유료,1000원,20,,N,,N,1899-9161,세종특별자치시청,2019-08-13
"고운동(마음로)",무인대여소,,세종특별자치시 고운동 2057,36.518663,127.232677,00:00,23:59,없음,유료,1000원,20,,N,,N,1899-9161,세종특별자치시청,2019-08-13
"고운동(마음안로)",무인대여소,,세종특별자치시 고운동 2058,36.516338,127.234859,00:00,23:59,없음,유료,1000원,20,,N,,N,1899-9161,세종특별자치시청,2019-08-13
"고운동복합커뮤니티센터",무인대여소,,세종특별자치시 고운동 1382,36.5196885723,127.2366808320,00:00,23:59,없음,유료,1000원,20,,N,,N,1899-9161,세종특별자치시청,2019-08-13
"가락마을1809동앞",무인대여소,,세종특별자치시 고운동 2057,36.520219,127.237027,00:00,23:59,없음,유료,1000원,20,,N,,N,1899-9161,세종특별자치시청,2019-08-13
"첫마을4단지 버스정류장 남측",무인대여소,,세종특별자치시 한솔동 963,36.4788384900,127.2504858877,00:00,23:59,없음,유료,1000원,20,,N,,N,1899-9161,세종특별자치시청,2019-08-13
"가락마을1506동앞",무인대여소,,세종특별자치시 고운동 1393,36.5164257949,127.2368786119,00:00,23:59,없음,유료,1000원,20,,N,,N,1899-9161,세종특별자치시청,2019-08-13
"두루중학교",무인대여소,,세종특별자치시 고운동 1385,36.518155,127.2385859729,00:00,23:59,없음,유료,1000원,20,,N,,N,1899-9161,세종특별자치시청,2019-08-13
"가락마을2105동앞",무인대여소,,세종특별자치시 고운동 2058,36.517510,127.241350,00:00,23:59,없음,유료,1000원,20,,N,,N,1899-9161,세종특별자치시청,2019-08-13
"가락마을2003동앞",무인대여소,,세종특별자치시 고운동 1396,36.5162217856,127.2403954485,00:00,23:59,없음,유료,1000원,20,,N,,N,1899-9161,세종특별자치시청,2019-08-13
"가락마을1606동앞",무인대여소,,세종특별자치시 고운동 1395,36.5161687168,127.2385627189,00:00,23:59,없음,유료,1000원,20,,N,,N,1899-9161,세종특별자치시청,2019-08-13
"가락마을1604동앞",무인대여소,,세종특별자치시 고운동 1395,36.5161687168,127.2385627189,00:00,23:59,없음,유료,1000원,20,,N,,N,1899-9161,세종특별자치시청,2019-08-13
"가락마을810동건너편",무인대여소,,세종특별자치시 고운동 2058,36.508943,127.239969,00:00,23:59,없음,유료,1000원,20,,N,,N,1899-9161,세종특별자치시청,2019-08-13
"가락마을810동앞",무인대여소,,세종특별자치시 고운동 1706,36.5070558198,127.2402789153,00:00,23:59,없음,유료,1000원,20,,N,,N,1899-9161,세종특별자치시청,2019-08-13
"고운동",무인대여소,,세종특별자치시 고운동,36.510795,127.239786,00:00,23:59,없음,유료,1000원,20,,N,,N,1899-9161,세종특별자치시청,2019-08-13
"고운동",무인대여소,,세종특별자치시 고운동,36.510333,127.239665,00:00,23:59,없음,유료,1000원,20,,N,,N,1899-9161,세종특별자치시청,2019-08-13
"고운동",무인대여소,,세종특별자치시 고운동,36.510443,127.239400,00:00,23:59,없음,유료,1000원,20,,N,,N,1899-9161,세종특별자치시청,2019-08-13
"가재마을102동앞",무인대여소,,세종특별자치시 종촌동 686,36.5009432258,127.2428848038,00:00,23:59,없음,유료,1000원,20,,N,,N,1899-9161,세종특별자치시청,2019-08-13
"가재마을303동앞",무인대여소,,세종특별자치시 종촌동 679,36.5043400329,127.2432074916,00:00,23:59,없음,유료,1000원,20,,N,,N,1899-9161,세종특별자치시청,2019-08-13
"가재마을310동앞",무인대여소,,세종특별자치시 종촌동 679,36.5043400329,127.2432074916,00:00,23:59,없음,유료,1000원,20,,N,,N,1899-9161,세종특별자치시청,2019-08-13
"가재마을403동앞",무인대여소,,세종특별자치시 종촌동 640,36.5068944148,127.2433057192,00:00,23:59,없음,유료,1000원,20,,N,,N,1899-9161,세종특별자치시청,2019-08-13
"가재마을502동앞",무인대여소,,세종특별자치시 종촌동 710,36.499491,127.246239,00:00,23:59,없음,유료,1000원,20,,N,,N,1899-9161,세종특별자치시청,2019-08-13
"가재마을503동건너편",무인대여소,,세종특별자치시 다정동 57-1,36.499098,127.247137,00:00,23:59,없음,유료,1000원,20,,N,,N,1899-9161,세종특별자치시청,2019-08-13
"종촌중학교",무인대여소,,세종특별자치시 종촌동 675,36.5026798689,127.2457134605,00:00,23:59,없음,유료,1000원,20,,N,,N,1899-9161,세종특별자치시청,2019-08-13
"종촌동CGV앞",무인대여소,,세종특별자치시 종촌동 674,36.5026377909,127.24678733,00:00,23:59,없음,유료,1000원,20,,N,,N,1899-9161,세종특별자치시청,2019-08-13
"가재마을523동앞",무인대여소,,세종특별자치시 종촌동 690,36.5007677342,127.2473805269,00:00,23:59,없음,유료,1000원,20,,N,,N,1899-9161,세종특별자치시청,2019-08-13
"종촌동소망교회앞",무인대여소,,세종특별자치시 종촌동 705,36.502237,127.248841,00:00,23:59,없음,유료,1000원,20,,N,,N,1899-9161,세종특별자치시청,2019-08-13
"가재마을801동앞",무인대여소,,세종특별자치시 종촌동 692-1,36.500587,127.249957,00:00,23:59,없음,유료,1000원,20,,N,,N,1899-9161,세종특별자치시청,2019-08-13
"종촌동공영주차장앞",무인대여소,,세종특별자치시 종촌동 665,36.503582,127.249959,00:00,23:59,없음,유료,1000원,20,,N,,N,1899-9161,세종특별자치시청,2019-08-13
"가재마을1103동건너편상가",무인대여소,,세종특별자치시 종촌동 659,36.5042400941,127.24975694,00:00,23:59,없음,유료,1000원,20,,N,,N,1899-9161,세종특별자치시청,2019-08-13
"가재마을1103동건너편상가",무인대여소,,세종특별자치시 종촌동 659,36.5042400941,127.24975694,00:00,23:59,없음,유료,1000원,20,,N,,N,1899-9161,세종특별자치시청,2019-08-13
"가재마을704동앞",무인대여소,,세종특별자치시 종촌동 701,36.506692,127.249642,00:00,23:59,없음,유료,1000원,20,,N,,N,1899-9161,세종특별자치시청,2019-08-13
"가재마을911동앞",무인대여소,,세종특별자치시 종촌동 697,36.5005492123,127.2532938000,00:00,23:59,없음,유료,1000원,20,,N,,N,1899-9161,세종특별자치시청,2019-08-13
"가재마을1008동앞",무인대여소,,세종특별자치시 종촌동 656-1,36.501901,127.252239,00:00,23:59,없음,유료,1000원,20,,N,,N,1899-9161,세종특별자치시청,2019-08-13
"가재마을1009동건너편",무인대여소,,세종특별자치시 종촌동 697,36.5005492123,127.2532938000,00:00,23:59,없음,유료,1000원,20,,N,,N,1899-9161,세종특별자치시청,2019-08-13
"가재마을1102동앞",무인대여소,,세종특별자치시 종촌동 654,36.5037570802,127.2519632000,00:00,23:59,없음,유료,1000원,20,,N,,N,1899-9161,세종특별자치시청,2019-08-13
"가재마을1202동앞",무인대여소,,세종특별자치시 종촌동 701,36.504884,127.250973,00:00,23:59,없음,유료,1000원,20,,N,,N,1899-9161,세종특별자치시청,2019-08-13
"범지기마을101동앞",무인대여소,,세종특별자치시 아름동 1477,36.508983,127.241923,00:00,23:59,없음,유료,1000원,20,,N,,N,1899-9161,세종특별자치시청,2019-08-13
"범지기401동건너편",무인대여소,,세종특별자치시 아름동 1376,36.509118,127.250010,00:00,23:59,없음,유료,1000원,20,,N,,N,1899-9161,세종특별자치시청,2019-08-13
"범지기601동앞",무인대여소,,세종특별자치시 아름동 1357,36.5100314143,127.248654757,00:00,23:59,없음,유료,1000원,20,,N,,N,1899-9161,세종특별자치시청,2019-08-13
"다올비즈니스센터앞",무인대여소,,세종특별자치시 아름동 1325,36.511843,127.242106,00:00,23:59,없음,유료,1000원,20,,N,,N,1899-9161,세종특별자치시청,2019-08-13
"아름동아카데미타워앞",무인대여소,,세종특별자치시 아름동 1318,36.5122194825,127.243379165,00:00,23:59,없음,유료,1000원,20,,N,,N,1899-9161,세종특별자치시청,2019-08-13
"아름파출소앞",무인대여소,,세종특별자치시 아름동 1350,36.5114333177,127.247059,00:00,23:59,없음,유료,1000원,20,,N,,N,1899-9161,세종특별자치시청,2019-08-13
"아름동주민센터",무인대여소,,세종특별자치시 아름동 1286,36.5121799919,127.2472395285,00:00,23:59,없음,유료,1000원,20,,N,,N,1899-9161,세종특별자치시청,2019-08-13
"아름동해피라움4앞",무인대여소,,세종특별자치시 아름동 1362,36.5113487836,127.2497524768,00:00,23:59,없음,유료,1000원,20,,N,,N,1899-9161,세종특별자치시청,2019-08-13
"아름동해피라움3앞",무인대여소,,세종특별자치시 아름동 1360,36.5113826057,127.248956,00:00,23:59,없음,유료,1000원,20,,N,,N,1899-9161,세종특별자치시청,2019-08-13
"아름동해피라움1앞",무인대여소,,세종특별자치시 아름동 1458,36.511775,127.248980,00:00,23:59,없음,유료,1000원,20,,N,,N,1899-9161,세종특별자치시청,2019-08-13
"아름동해피라움2앞",무인대여소,,세종특별자치시 아름동 1458,36.511749,127.249558,00:00,23:59,없음,유료,1000원,20,,N,,N,1899-9161,세종특별자치시청,2019-08-13
"범지기마을1101동앞",무인대여소,,세종특별자치시 아름동 1458,36.511430,127.252312,00:00,23:59,없음,유료,1000원,20,,N,,N,1899-9161,세종특별자치시청,2019-08-13
"아름고앞",무인대여소,,세종특별자치시 아름동 1322,36.5131454672,127.2451306218,00:00,23:59,없음,유료,1000원,20,,N,,N,1899-9161,세종특별자치시청,2019-08-13
"아름중학교앞",무인대여소,,세종특별자치시 아름동 1321,36.514281,127.2450279869,00:00,23:59,없음,유료,1000원,20,,N,,N,1899-9161,세종특별자치시청,2019-08-13
"선박안전기술공단건너편",무인대여소,,세종특별자치시 아름동 1302-1,36.515067,127.242564,00:00,23:59,없음,유료,1000원,20,,N,,N,1899-9161,세종특별자치시청,2019-08-13
"범지기마을1202동앞",무인대여소,,세종특별자치시 아름동 1276,36.5119010242,127.250942557,00:00,23:59,없음,유료,1000원,20,,N,,N,1899-9161,세종특별자치시청,2019-08-13
"아름초등학교앞",무인대여소,,세종특별자치시 아름동 1275,36.5144869787,127.2515448161,00:00,23:59,없음,유료,1000원,20,,N,,N,1899-9161,세종특별자치시청,2019-08-13
"범지기마을808동앞",무인대여소,,세종특별자치시 아름동 1279,36.5137292956,127.2492071593,00:00,23:59,없음,유료,1000원,20,,N,,N,1899-9161,세종특별자치시청,2019-08-13
"범지기마을303동앞",무인대여소,,세종특별자치시 아름동 1297,36.5170891798,127.2445162068,00:00,23:59,없음,유료,1000원,20,,N,,N,1899-9161,세종특별자치시청,2019-08-13
"범지기마을1009동앞",무인대여소,,세종특별자치시 아름동 1277,36.5172529651,127.2500666283,00:00,23:59,없음,유료,1000원,20,,N,,N,1899-9161,세종특별자치시청,2019-08-13
"범지기마을1012동건너편",무인대여소,,세종특별자치시 아름동 1242,36.516766,127.251742,00:00,23:59,없음,유료,1000원,20,,N,,N,1899-9161,세종특별자치시청,2019-08-13
"아름동(보듬로)",무인대여소,,세종특별자치시 아름동 1169,36.519640,127.253096,00:00,23:59,없음,유료,1000원,20,,N,,N,1899-9161,세종특별자치시청,2019-08-13
"범지기마을1023동건너편",무인대여소,,세종특별자치시 아름동 1092,36.519458,127.249809,00:00,23:59,없음,유료,1000원,20,,N,,N,1899-9161,세종특별자치시청,2019-08-13
"세종충남대학교병원버스정류장",무인대여소,,세종특별자치시 도담동 910,36.518883,127.256407,00:00,23:59,없음,유료,1000원,20,,N,,N,1899-9161,세종특별자치시청,2019-08-13
"도램마을2002동건너편",무인대여소,,세종특별자치시 도담동 581,36.518269,127.262583,00:00,23:59,없음,유료,1000원,20,,N,,N,1899-9161,세종특별자치시청,2019-08-13
"도담동물댄동산감리교회",무인대여소,,세종특별자치시 도담동 628,36.5166541294,127.256673964,00:00,23:59,없음,유료,1000원,20,,N,,N,1899-9161,세종특별자치시청,2019-08-13
"도담동해피라움7상가쪽건너편",무인대여소,,세종특별자치시 도담동 679,36.5142278347,127.2576233214,00:00,23:59,없음,유료,1000원,20,,N,,N,1899-9161,세종특별자치시청,2019-08-13
"도담동해피라움7",무인대여소,,세종특별자치시 도담동 920,36.515974,127.258136,00:00,23:59,없음,유료,1000원,20,,N,,N,1899-9161,세종특별자치시청,2019-08-13
"도램마을1301동앞",무인대여소,,세종특별자치시 도담동 922,36.516176,127.261888,00:00,23:59,없음,유료,1000원,20,,N,,N,1899-9161,세종특별자치시청,2019-08-13
"도담동주민센터",무인대여소,,세종특별자치시 도담동 645,36.5154067231,127.2619058179,00:00,23:59,없음,유료,1000원,20,,N,,N,1899-9161,세종특별자치시청,2019-08-13
"도담중학교",무인대여소,,세종특별자치시 도담동 922,36.515996,127.262992,00:00,23:59,없음,유료,1000원,20,,N,,N,1899-9161,세종특별자치시청,2019-08-13
"도담동까사누보주상복합",무인대여소,,세종특별자치시 도담동 674,36.5143696901,127.257934633,00:00,23:59,없음,유료,1000원,20,,N,,N,1899-9161,세종특별자치시청,2019-08-13
"도담동BRT",무인대여소,,세종특별자치시 도담동 660,36.5146291781,127.2585379097,00:00,23:59,없음,유료,1000원,20,,N,,N,1899-9161,세종특별자치시청,2019-08-13
"도담동BRT",무인대여소,,세종특별자치시 도담동 661,36.514439,127.258799,00:00,23:59,없음,유료,1000원,20,,N,,N,1899-9161,세종특별자치시청,2019-08-13
"도담동BRT",무인대여소,,세종특별자치시 도담동 662,36.513965,127.258868,00:00,23:59,없음,유료,1000원,20,,N,,N,1899-9161,세종특별자치시청,2019-08-13
"도담동싱싱장터앞BRT",무인대여소,,세종특별자치시 도담동 647,36.514773,127.259256,00:00,23:59,없음,유료,1000원,20,,N,,N,1899-9161,세종특별자치시청,2019-08-13
"도램마을1105동앞BRT",무인대여소,,세종특별자치시 도담동 402,36.514210,127.259334,00:00,23:59,없음,유료,1000원,20,,N,,N,1899-9161,세종특별자치시청,2019-08-13
"도램마을1603동앞",무인대여소,,세종특별자치시 도담동 641,36.5142215573,127.2654315481,00:00,23:59,없음,유료,1000원,20,,N,,N,1899-9161,세종특별자치시청,2019-08-13
"도담고등학교",무인대여소,,세종특별자치시 도담동 642,36.5139582256,127.2638203119,00:00,23:59,없음,유료,1000원,20,,N,,N,1899-9161,세종특별자치시청,2019-08-13
"도램마을1008동앞",무인대여소,,세종특별자치시 도담동 853,36.5117877737,127.2609697216,00:00,23:59,없음,유료,1000원,20,,N,,N,1899-9161,세종특별자치시청,2019-08-13
"도램마을204동앞",무인대여소,,세종특별자치시 도담동 917,36.512183,127.255733,00:00,23:59,없음,유료,1000원,20,,N,,N,1899-9161,세종특별자치시청,2019-08-13
"도램마을1509동건너편",무인대여소,,세종특별자치시 도담동 903,36.513438,127.266670,00:00,23:59,없음,유료,1000원,20,,N,,N,1899-9161,세종특별자치시청,2019-08-13
"도램마을1507동건너편",무인대여소,,세종특별자치시 연기면 세종리 산22-6,36.512181,127.266847,00:00,23:59,없음,유료,1000원,20,,N,,N,1899-9161,세종특별자치시청,2019-08-13
"도램마을1401동앞",무인대여소,,세종특별자치시 도담동 858-1,36.511149,127.264737,00:00,23:59,없음,유료,1000원,20,,N,,N,1899-9161,세종특별자치시청,2019-08-13
"도램마을901동앞",무인대여소,,세종특별자치시 도담동 855,36.5098948584,127.2627103421,00:00,23:59,없음,유료,1000원,20,,N,,N,1899-9161,세종특별자치시청,2019-08-13
"도램마을110동앞",무인대여소,,세종특별자치시 도담동 845,36.5100692929,127.2568265919,00:00,23:59,없음,유료,1000원,20,,N,,N,1899-9161,세종특별자치시청,2019-08-13
"도램마을908동앞",무인대여소,,세종특별자치시 도담동 855,36.5098948584,127.2627103421,00:00,23:59,없음,유료,1000원,20,,N,,N,1899-9161,세종특별자치시청,2019-08-13
"도램마을1411동앞",무인대여소,,세종특별자치시 도담동 858,36.5098616532,127.2659185693,00:00,23:59,없음,유료,1000원,20,,N,,N,1899-9161,세종특별자치시청,2019-08-13
"양지고등학교",무인대여소,,세종특별자치시 도담동 903,36.508601,127.267945,00:00,23:59,없음,유료,1000원,20,,N,,N,1899-9161,세종특별자치시청,2019-08-13
"인사혁신처앞",무인대여소,,세종특별자치시 어진동 530,36.5080727068,127.261119739,00:00,23:59,없음,유료,1000원,20,,N,,N,1899-9161,세종특별자치시청,2019-08-13
"인사혁신처건너편상가",무인대여소,,세종특별자치시 어진동 547,36.5083076997,127.26244669,00:00,23:59,없음,유료,1000원,20,,N,,N,1899-9161,세종특별자치시청,2019-08-13
"어진동스타벅스세종청사점옆",무인대여소,,세종특별자치시 어진동 605,36.504864,127.270002,00:00,23:59,없음,유료,1000원,20,,N,,N,1899-9161,세종특별자치시청,2019-08-13
"국무조정실건너편",무인대여소,,세종특별자치시 어진동 734,36.502563,127.271983,00:00,23:59,없음,유료,1000원,20,,N,,N,1899-9161,세종특별자치시청,2019-08-13
"정부청사관리본부",무인대여소,,세종특별자치시 어진동 556,36.5046144879,127.2651233483,00:00,23:59,없음,유료,1000원,20,,N,,N,1899-9161,세종특별자치시청,2019-08-13
"국토교통부정문",무인대여소,,세종특별자치시 어진동 717,36.504533,127.262057,00:00,23:59,없음,유료,1000원,20,,N,,N,1899-9161,세종특별자치시청,2019-08-13
"새만금개발청",무인대여소,,세종특별자치시 어진동 518,36.5019041611,127.2564227500,00:00,23:59,없음,유료,1000원,20,,N,,N,1899-9161,세종특별자치시청,2019-08-13
"고용노동부BRT",무인대여소,,세종특별자치시 어진동 581,36.5013993927,127.2613870598,00:00,23:59,없음,유료,1000원,20,,N,,N,1899-9161,세종특별자치시청,2019-08-13
"호수공원수변공원",무인대여소,,세종특별자치시 어진동 638,36.499517,127.269599,00:00,23:59,없음,유료,1000원,20,,N,,N,1899-9161,세종특별자치시청,2019-08-13
"문화체육관광부",무인대여소,,세종특별자치시 어진동 650,36.4978765296,127.265434016,00:00,23:59,없음,유료,1000원,20,,N,,N,1899-9161,세종특별자치시청,2019-08-13
"세종국립도서관건너편호수공원방향",무인대여소,,세종특별자치시 연기면 세종리 1201,36.4971212479,127.2734522471,00:00,23:59,없음,유료,1000원,20,,N,,N,1899-9161,세종특별자치시청,2019-08-13
LH세종특별본부,무인대여소,,세종특별자치시 어진동 658,36.4946855274,127.2657017824,00:00,23:59,없음,유료,1000원,20,,N,,N,1899-9161,세종특별자치시청,2019-08-13
"행복도시세종홍보관",무인대여소,,세종특별자치시 연기면 세종리 551-6,36.4895840465,127.2701856275,00:00,23:59,없음,유료,1000원,20,,N,,N,1899-9161,세종특별자치시청,2019-08-13
"가온마을124동앞",무인대여소,,세종특별자치시 다정동 363-433,36.489645,127.244876,00:00,23:59,없음,유료,1000원,20,,N,,N,1899-9161,세종특별자치시청,2019-08-13
"가온마을104동앞",무인대여소,,세종특별자치시 다정동 38-28,36.491607,127.246134,00:00,23:59,없음,유료,1000원,20,,N,,N,1899-9161,세종특별자치시청,2019-08-13
"가온마을117동앞",무인대여소,,세종특별자치시 다정동 22-8,36.493015,127.243938,00:00,23:59,없음,유료,1000원,20,,N,,N,1899-9161,세종특별자치시청,2019-08-13
"가온마을511동앞",무인대여소,,세종특별자치시 다정동 323-7,36.494836,127.244934,00:00,23:59,없음,유료,1000원,20,,N,,N,1899-9161,세종특별자치시청,2019-08-13
"호려울마을1006동앞",무인대여소,,세종특별자치시 보람동 616-3,36.4836300672,127.293551825,00:00,23:59,없음,유료,1000원,20,,N,,N,1899-9161,세종특별자치시청,2019-08-13
"호려울마을1004동앞",무인대여소,,세종특별자치시 보람동 650-1,36.482637,127.293260,00:00,23:59,없음,유료,1000원,20,,N,,N,1899-9161,세종특별자치시청,2019-08-13
"세종시청뒤편",무인대여소,,세종특별자치시 보람동 627-2,36.479932,127.287639,00:00,23:59,없음,유료,1000원,20,,N,,N,1899-9161,세종특별자치시청,2019-08-13
"대평동BRT",무인대여소,,세종특별자치시 대평동 65-12,36.472159,127.275964,00:00,23:59,없음,유료,1000원,20,,N,,N,1899-9161,세종특별자치시청,2019-08-13
"세종고속시외버스터미널BRT건너편",무인대여소,,세종특별자치시 대평동 643,36.470940,127.273169,00:00,23:59,없음,유료,1000원,20,,N,,N,1899-9161,세종특별자치시청,2019-08-13
"호려울마을101동앞",무인대여소,,세종특별자치시 보람동 664-102,36.4748741359,127.286248132,00:00,23:59,없음,유료,1000원,20,,N,,N,1899-9161,세종특별자치시청,2019-08-13
"호려울마을401동앞",무인대여소,,세종특별자치시 보람동 667,36.476563,127.289183,00:00,23:59,없음,유료,1000원,20,,N,,N,1899-9161,세종특별자치시청,2019-08-13
"호려울마을501동앞",무인대여소,,세종특별자치시 보람동 629-6,36.4769294246,127.29045574,00:00,23:59,없음,유료,1000원,20,,N,,N,1899-9161,세종특별자치시청,2019-08-13
"호려울마을604동앞",무인대여소,,세종특별자치시 보람동 633-9,36.478700,127.294820,00:00,23:59,없음,유료,1000원,20,,N,,N,1899-9161,세종특별자치시청,2019-08-13
"호려울마을902동앞",무인대여소,,세종특별자치시 보람동 634-8,36.479504,127.295566,00:00,23:59,없음,유료,1000원,20,,N,,N,1899-9161,세종특별자치시청,2019-08-13
"호려울마을1003동앞",무인대여소,,세종특별자치시 보람동 622-1,36.482549,127.293213,00:00,23:59,없음,유료,1000원,20,,N,,N,1899-9161,세종특별자치시청,2019-08-13
"새샘마을203동앞",무인대여소,,세종특별자치시 소담동 32-103,36.480826,127.299023,00:00,23:59,없음,유료,1000원,20,,N,,N,1899-9161,세종특별자치시청,2019-08-13
"새샘마을610동앞 건너편",무인대여소,,세종특별자치시 소담동 9-261,36.484880,127.301625,00:00,23:59,없음,유료,1000원,20,,N,,N,1899-9161,세종특별자치시청,2019-08-13
"새샘마을907동앞",무인대여소,,세종특별자치시 소담동 286-7,36.4890174504,127.2998412431,00:00,23:59,없음,유료,1000원,20,,N,,N,1899-9161,세종특별자치시청,2019-08-13
"가온마을302동앞",무인대여소,,세종특별자치시 다정동 산29,36.496172,127.241700,00:00,23:59,없음,유료,1000원,20,,N,,N,1899-9161,세종특별자치시청,2019-08-13
"가온마을325동옆",무인대여소,,세종특별자치시 다정동 307,36.496255,127.244723,00:00,23:59,없음,유료,1000원,20,,N,,N,1899-9161,세종특별자치시청,2019-08-13
"가온마을610동옆",무인대여소,,세종특별자치시 다정동 산 26,36.497532,127.244926,00:00,23:59,없음,유료,1000원,20,,N,,N,1899-9161,세종특별자치시청,2019-08-13
"가온마을201동앞",무인대여소,,세종특별자치시 다정동 산28,36.4961822427,127.2433872232,00:00,23:59,없음,유료,1000원,20,,N,,N,1899-9161,세종특별자치시청,2019-08-13
"다정중북측(가온마을510동앞)",무인대여소,,세종특별자치시 다정동 38,36.494778,127.246459,00:00,23:59,없음,유료,1000원,20,,N,,N,1899-9161,세종특별자치시청,2019-08-13
"가온마을616동앞",무인대여소,,세종특별자치시 다정동 4-3,36.496976,127.248791,00:00,23:59,없음,유료,1000원,20,,N,,N,1899-9161,세종특별자치시청,2019-08-13
"가온마을801동앞",무인대여소,,세종특별자치시 다정동 17,36.495699,127.250118,00:00,23:59,없음,유료,1000원,20,,N,,N,1899-9161,세종특별자치시청,2019-08-13
"가온마을1201동앞",무인대여소,,세종특별자치시 다정동 363-78,36.492900487,127.254617874,00:00,23:59,없음,유료,1000원,20,,N,,N,1899-9161,세종특별자치시청,2019-08-13
"가온마을1001동앞",무인대여소,,세종특별자치시 다정동 363-72,36.4929799761,127.2536518433,00:00,23:59,없음,유료,1000원,20,,N,,N,1899-9161,세종특별자치시청,2019-08-13
"나성동포레뷰앞BRT",무인대여소,,세종특별자치시 나성동 736,36.490722,127.256191,00:00,23:59,없음,유료,1000원,20,,N,,N,1899-9161,세종특별자치시청,2019-08-13
"가온마을507동건너편",무인대여소,,세종특별자치시 다정동 6-7,36.4952959591,127.248540675,00:00,23:59,없음,유료,1000원,20,,N,,N,1899-9161,세종특별자치시청,2019-08-13
"다정동리치타워앞",무인대여소,,세종특별자치시 다정동 363-183,36.493768,127.249401,00:00,23:59,없음,유료,1000원,20,,N,,N,1899-9161,세종특별자치시청,2019-08-13
"호려울마을805동앞",무인대여소,,세종특별자치시 보람동 633-10,36.478607,127.295283,00:00,23:59,없음,유료,1000원,20,,N,,N,1899-9161,세종특별자치시청,2019-08-13
"첫마을6단지상가옆",무인대여소,,세종특별자치시 한솔동 1237,36.474746,127.254865,00:00,23:59,없음,유료,1000원,20,,N,,N,1899-9161,세종특별자치시청,2019-08-13
"첫마을6단지승강장",무인대여소,,세종특별자치시 한솔동 1229,36.475209,127.253187,00:00,23:59,없음,유료,1000원,20,,N,,N,1899-9161,세종특별자치시청,2019-08-13
"새샘마을215동앞BRT",무인대여소,,세종특별자치시 소담동 333-32,36.4821128045,127.2972484105,00:00,23:59,없음,유료,1000원,20,,N,,N,1899-9161,세종특별자치시청,2019-08-13
"새샘마을216동앞BRT",무인대여소,,세종특별자치시 소담동 32-123,36.4829318302,127.2979440429,00:00,23:59,없음,유료,1000원,20,,N,,N,1899-9161,세종특별자치시청,2019-08-13
"새샘마을309동앞BRT",무인대여소,,세종특별자치시 소담동 333-18,36.482649,127.297137,00:00,23:59,없음,유료,1000원,20,,N,,N,1899-9161,세종특별자치시청,2019-08-13
LH분양홍보관건너편,무인대여소,,세종특별자치시 나성동 59-4,36.481223,127.269095,00:00,23:59,없음,유료,1000원,20,,N,,N,1899-9161,세종특별자치시청,2019-08-13
LH분양홍보관건너편,무인대여소,,세종특별자치시 나성동 182-5,36.482087,127.268610,00:00,23:59,없음,유료,1000원,20,,N,,N,1899-9161,세종특별자치시청,2019-08-13
LH분양홍보관,무인대여소,,세종특별자치시 나성동 97-2,36.481510,127.268625,00:00,23:59,없음,유료,1000원,20,,N,,N,1899-9161,세종특별자치시청,2019-08-13
"나성동갈매로",무인대여소,,세종특별자치시 나성동 246-1,36.485519,127.266194,00:00,23:59,없음,유료,1000원,20,,N,,N,1899-9161,세종특별자치시청,2019-08-13
"나성동갈매로",무인대여소,,세종특별자치시 나성동 696-4,36.486225,127.265278,00:00,23:59,없음,유료,1000원,20,,N,,N,1899-9161,세종특별자치시청,2019-08-13
"나성동갈매로",무인대여소,,세종특별자치시 나성동 255-5,36.487286,127.264890,00:00,23:59,없음,유료,1000원,20,,N,,N,1899-9161,세종특별자치시청,2019-08-13
"나성동갈매로",무인대여소,,세종특별자치시 나성동 305-2,36.4893307610,127.2635950385,00:00,23:59,없음,유료,1000원,20,,N,,N,1899-9161,세종특별자치시청,2019-08-13
"나성동갈매로",무인대여소,,세종특별자치시 나성동 305-1,36.488917,127.263437,00:00,23:59,없음,유료,1000원,20,,N,,N,1899-9161,세종특별자치시청,2019-08-13
"세종시지방자치회관건너편",무인대여소,,세종특별자치시 어진동 671,36.4951433187,127.262165495,00:00,23:59,없음,유료,1000원,20,,N,,N,1899-9161,세종특별자치시청,2019-08-13
"새샘마을803동앞BRT",무인대여소,,세종특별자치시 소담동 332-4,36.4873803230,127.3013539524,00:00,23:59,없음,유료,1000원,20,,N,,N,1899-9161,세종특별자치시청,2019-08-13
"새샘마을803동건너편BRT",무인대여소,,세종특별자치시 소담동 332-4,36.4873803230,127.3013539524,00:00,23:59,없음,유료,1000원,20,,N,,N,1899-9161,세종특별자치시청,2019-08-13
"새샘마을803동건너편BRT",무인대여소,,세종특별자치시 소담동 119,36.487293,127.302129,00:00,23:59,없음,유료,1000원,20,,N,,N,1899-9161,세종특별자치시청,2019-08-13
"국토연구원앞",무인대여소,,세종특별자치시 반곡동 771-124,36.491935,127.300010,00:00,23:59,없음,유료,1000원,20,,N,,N,1899-9161,세종특별자치시청,2019-08-13
"국책연구단지뒤",무인대여소,,세종특별자치시 반곡동 산56,36.492532,127.304452,00:00,23:59,없음,유료,1000원,20,,N,,N,1899-9161,세종특별자치시청,2019-08-13
"국책연구단지뒤",무인대여소,,세종특별자치시 반곡동 771-84,36.4918727279,127.304180,00:00,23:59,없음,유료,1000원,20,,N,,N,1899-9161,세종특별자치시청,2019-08-13
"국책연구단지남측",무인대여소,,세종특별자치시 소담동,36.491211,127.304154,00:00,23:59,없음,유료,1000원,20,,N,,N,1899-9161,세종특별자치시청,2019-08-13
"국책연구단지남측",무인대여소,,세종특별자치시 반곡동 771-62,36.490897,127.303937,00:00,23:59,없음,유료,1000원,20,,N,,N,1899-9161,세종특별자치시청,2019-08-13
"한국정책방송원건너편",무인대여소,,세종특별자치시 나성동 787,36.483099,127.262000,00:00,23:59,없음,유료,1000원,20,,N,,N,1899-9161,세종특별자치시청,2019-08-13
"한국정책방송원동문건너편",무인대여소,,세종특별자치시 나성동 465,36.484577,127.262280,00:00,23:59,없음,유료,1000원,20,,N,,N,1899-9161,세종특별자치시청,2019-08-13
"나성동메가타워1건너편",무인대여소,,세종특별자치시 나성동 804,36.489334,127.258073,00:00,23:59,없음,유료,1000원,20,,N,,N,1899-9161,세종특별자치시청,2019-08-13
"나성동LG베스트샵건너편",무인대여소,,세종특별자치시 나성동 761,36.490977,127.256961,00:00,23:59,없음,유료,1000원,20,,N,,N,1899-9161,세종특별자치시청,2019-08-13
"나성동J빌딩건너편",무인대여소,,세종특별자치시 나성동 801,36.491393,127.258282,00:00,23:59,없음,유료,1000원,20,,N,,N,1899-9161,세종특별자치시청,2019-08-13
"어진동세종파이낸스1차앞",무인대여소,,세종특별자치시 어진동 666,36.4974454006,127.2600280195,00:00,23:59,없음,유료,1000원,20,,N,,N,1899-9161,세종특별자치시청,2019-08-13
"어진동세종파이낸스1차건너편",무인대여소,,세종특별자치시 어진동 747,36.497901,127.260151,00:00,23:59,없음,유료,1000원,20,,N,,N,1899-9161,세종특별자치시청,2019-08-13
"어진동엘큐브리빙앞",무인대여소,,세종특별자치시 어진동 669,36.4963683317,127.262839454,00:00,23:59,없음,유료,1000원,20,,N,,N,1899-9161,세종특별자치시청,2019-08-13
"어진동푸르지오시티앞",무인대여소,,세종특별자치시 어진동 748,36.495997,127.263471,00:00,23:59,없음,유료,1000원,20,,N,,N,1899-9161,세종특별자치시청,2019-08-13
"어진동세종세무서건너편",무인대여소,,세종특별자치시 어진동 747,36.496111,127.265634,00:00,23:59,없음,유료,1000원,20,,N,,N,1899-9161,세종특별자치시청,2019-08-13
"어진동세종파이낸스건너편",무인대여소,,세종특별자치시 어진동 747,36.497903,127.260157,00:00,23:59,없음,유료,1000원,20,,N,,N,1899-9161,세종특별자치시청,2019-08-13
"문화체육관광부",무인대여소,,세종특별자치시 어진동 650,36.4978765296,127.265434016,00:00,23:59,없음,유료,1000원,20,,N,,N,1899-9161,세종특별자치시청,2019-08-13
"어진동교육부",무인대여소,,세종특별자치시 어진동 579,36.499512,127.264713,00:00,23:59,없음,유료,1000원,20,,N,,N,1899-9161,세종특별자치시청,2019-08-13
"어진동보건복지부",무인대여소,,세종특별자치시 어진동 568,36.502544654,127.2620211925,00:00,23:59,없음,유료,1000원,20,,N,,N,1899-9161,세종특별자치시청,2019-08-13
"어진동제3주차장",무인대여소,,세종특별자치시 어진동 573,36.5025224921,127.2657729099,00:00,23:59,없음,유료,1000원,20,,N,,N,1899-9161,세종특별자치시청,2019-08-13
"어진동제3주차장옆",무인대여소,,세종특별자치시 어진동 574,36.501470,127.265649,00:00,23:59,없음,유료,1000원,20,,N,,N,1899-9161,세종특별자치시청,2019-08-13
"어진동제3주차장옆건너편",무인대여소,,세종특별자치시 어진동 629,36.5017266171,127.2682194581,00:00,23:59,없음,유료,1000원,20,,N,,N,1899-9161,세종특별자치시청,2019-08-13
"어진동국토교통부",무인대여소,,세종특별자치시 어진동 560,36.5052951501,127.2628035353,00:00,23:59,없음,유료,1000원,20,,N,,N,1899-9161,세종특별자치시청,2019-08-13
"어진동공정거래위원회",무인대여소,,세종특별자치시 어진동 713,36.504548,127.267443,00:00,23:59,없음,유료,1000원,20,,N,,N,1899-9161,세종특별자치시청,2019-08-13
"어진동성남고등학교",무인대여소,,세종특별자치시 어진동 680,36.4964723007,127.2558003680,00:00,23:59,없음,유료,1000원,20,,N,,N,1899-9161,세종특별자치시청,2019-08-13
"세종홈플러스건너편",무인대여소,,세종특별자치시 어진동 688,36.508109,127.258420,00:00,23:59,없음,유료,1000원,20,,N,,N,1899-9161,세종특별자치시청,2019-08-13
"도담동늘봄초등학교",무인대여소,,세종특별자치시 도담동 688,36.5138438588,127.2550009492,00:00,23:59,없음,유료,1000원,20,,N,,N,1899-9161,세종특별자치시청,2019-08-13
"도램마을2004동건너편",무인대여소,,세종특별자치시 연기면 세종리 산407,36.519649,127.264262,00:00,23:59,없음,유료,1000원,20,,N,,N,1899-9161,세종특별자치시청,2019-08-13
"원수산MTB공원",무인대여소,,세종특별자치시 연기면 세종리 659-30,36.522272,127.267301,00:00,23:59,없음,유료,1000원,20,,N,,N,1899-9161,세종특별자치시청,2019-08-13
"도램마을1901동앞",무인대여소,,세종특별자치시 도담동 638,36.5154182279,127.2671295092,00:00,23:59,없음,유료,1000원,20,,N,,N,1899-9161,세종특별자치시청,2019-08-13
"한뜰마을302동앞",무인대여소,,세종특별자치시 어진동 612,36.505811,127.273397,00:00,23:59,없음,유료,1000원,20,,N,,N,1899-9161,세종특별자치시청,2019-08-13
"어진동세종소방서옆",무인대여소,,세종특별자치시 어진동 710,36.505758,127.274290,00:00,23:59,없음,유료,1000원,20,,N,,N,1899-9161,세종특별자치시청,2019-08-13
"국책연구단지",무인대여소,,세종특별자치시 반곡동 735,36.496212,127.3035033313,00:00,23:59,없음,유료,1000원,20,,N,,N,1899-9161,세종특별자치시청,2019-08-13
"새뜸마을1단지(101동옆)",무인대여소,,세종특별자치시 새롬동 산83,36.482426,127.250021,00:00,23:59,없음,유료,1000원,20,,N,,N,1899-9161,세종특별자치시청,2019-08-13
"한솔동스타벅스행복타워BRT",무인대여소,,세종특별자치시 나성동 726,36.480312,127.262081,00:00,23:59,없음,유료,1000원,20,,N,,N,1899-9161,세종특별자치시청,2019-08-13
"한솔동스타벅스행복타워건너편BRT",무인대여소,,세종특별자치시 나성동 538-10,36.480336,127.262678,00:00,23:59,없음,유료,1000원,20,,N,,N,1899-9161,세종특별자치시청,2019-08-13
"한솔동환승주차장A BRT",무인대여소,,세종특별자치시 나성동 726,36.481014,127.261558,00:00,23:59,없음,유료,1000원,20,,N,,N,1899-9161,세종특별자치시청,2019-08-13
"한솔동환승주차장B BRT",무인대여소,,세종특별자치시 나성동 778,36.4814401983,127.2621529843,00:00,23:59,없음,유료,1000원,20,,N,,N,1899-9161,세종특별자치시청,2019-08-13
"새롬꿈어린이집옆",무인대여소,,세종특별자치시 새롬동 산75,36.4852142223,127.2547670186,00:00,23:59,없음,유료,1000원,20,,N,,N,1899-9161,세종특별자치시청,2019-08-13
"한솔동에스제이타워앞BRT",무인대여소,,세종특별자치시 나성동 726,36.486579,127.257635,00:00,23:59,없음,유료,1000원,20,,N,,N,1899-9161,세종특별자치시청,2019-08-13
"새롬동가득뜰글린공원(901동옆)",무인대여소,,세종특별자치시 새롬동 341-82,36.484743,127.255562,00:00,23:59,없음,유료,1000원,20,,N,,N,1899-9161,세종특별자치시청,2019-08-13
"새뜸마을901동803동사이",무인대여소,,세종특별자치시 새롬동 산75,36.4852142223,127.2547670186,00:00,23:59,없음,유료,1000원,20,,N,,N,1899-9161,세종특별자치시청,2019-08-13
"새뜸마을901동803동사이건너편",무인대여소,,세종특별자치시 새롬동 산75,36.4852142223,127.2547670186,00:00,23:59,없음,유료,1000원,20,,N,,N,1899-9161,세종특별자치시청,2019-08-13
"새롬동로녹지공간",무인대여소,,세종특별자치시 나성동 744,36.487081,127.256992,00:00,23:59,없음,유료,1000원,20,,N,,N,1899-9161,세종특별자치시청,2019-08-13
"새뜸마을12단지1203동옆",무인대여소,,세종특별자치시 새롬동 74-24,36.484572,127.256726,00:00,23:59,없음,유료,1000원,20,,N,,N,1899-9161,세종특별자치시청,2019-08-13
"나성동명동프라자앞BRT",무인대여소,,세종특별자치시 나성동 743,36.4878242286,127.256739524,00:00,23:59,없음,유료,1000원,20,,N,,N,1899-9161,세종특별자치시청,2019-08-13
"새롬동세종성요한성당옆",무인대여소,,세종특별자치시 새롬동 산8,36.4871775656,127.255243,00:00,23:59,없음,유료,1000원,20,,N,,N,1899-9161,세종특별자치시청,2019-08-13
"새뜸마을1401동앞",무인대여소,,세종특별자치시 새롬동 140,36.488962,127.255315,00:00,23:59,없음,유료,1000원,20,,N,,N,1899-9161,세종특별자치시청,2019-08-13
"새뜸마을1404동앞녹지",무인대여소,,세종특별자치시 나성동 735,36.490854,127.255995,00:00,23:59,없음,유료,1000원,20,,N,,N,1899-9161,세종특별자치시청,2019-08-13
"새뜸마을1108동앞",무인대여소,,세종특별자치시 새롬동 산3,36.4878205069,127.2537849084,00:00,23:59,없음,유료,1000원,20,,N,,N,1899-9161,세종특별자치시청,2019-08-13
"새롬동아름뜰근린공원1108동옆",무인대여소,,세종특별자치시 새롬동 산9,36.488107,127.253168,00:00,23:59,없음,유료,1000원,20,,N,,N,1899-9161,세종특별자치시청,2019-08-13
"나성동성남고버스정류장BRT",무인대여소,,세종특별자치시 나성동 726,36.493570,127.256149,00:00,23:59,없음,유료,1000원,20,,N,,N,1899-9161,세종특별자치시청,2019-08-13
"새뜸중북측(새뜸1004건너)",무인대여소,,세종특별자치시 새롬동 산18,36.4870293548,127.2527060951,00:00,23:59,없음,유료,1000원,20,,N,,N,1899-9161,세종특별자치시청,2019-08-13
"나성동성남고버스정류장BRT",무인대여소,,세종특별자치시 나성동 726,36.494057,127.256158,00:00,23:59,없음,유료,1000원,20,,N,,N,1899-9161,세종특별자치시청,2019-08-13
"새롬동무지개타워앞",무인대여소,,세종특별자치시 새롬동 341-73,36.484847,127.251225,00:00,23:59,없음,유료,1000원,20,,N,,N,1899-9161,세종특별자치시청,2019-08-13
"행정안전부 별관",무인대여소,,세종특별자치시 어진동 494,36.500987,127.259364,00:00,23:59,없음,유료,1000원,20,,N,,N,1899-9161,세종특별자치시청,2019-08-13
"고용노동부건너편BRT",무인대여소,,세종특별자치시 어진동 536,36.5020966511,127.2594921634,00:00,23:59,없음,유료,1000원,20,,N,,N,1899-9161,세종특별자치시청,2019-08-13
"정부세종청사시외버스정류장건너편BRT",무인대여소,,세종특별자치시 어진동 535,36.5034933925,127.2603501278,00:00,23:59,없음,유료,1000원,20,,N,,N,1899-9161,세종특별자치시청,2019-08-13
"정부세종청사시외버스정류장건너편BRT",무인대여소,,세종특별자치시 어진동 534,36.504349,127.260933,00:00,23:59,없음,유료,1000원,20,,N,,N,1899-9161,세종특별자치시청,2019-08-13
"건설청건너편BRT",무인대여소,,세종특별자치시 어진동 533,36.5058337930,127.2614266498,00:00,23:59,없음,유료,1000원,20,,N,,N,1899-9161,세종특별자치시청,2019-08-13
"건설청건너편BRT",무인대여소,,세종특별자치시 어진동 533,36.5058337930,127.2614266498,00:00,23:59,없음,유료,1000원,20,,N,,N,1899-9161,세종특별자치시청,2019-08-13
"인사혁신처앞BRT",무인대여소,,세종특별자치시 어진동 532-1,36.507543,127.261554,00:00,23:59,없음,유료,1000원,20,,N,,N,1899-9161,세종특별자치시청,2019-08-13
"도램마을803동앞BRT",무인대여소,,세종특별자치시 도담동 848,36.5115210924,127.2589875249,00:00,23:59,없음,유료,1000원,20,,N,,N,1899-9161,세종특별자치시청,2019-08-13
"새롬동크리스마스빌딩앞",무인대여소,,세종특별자치시 새롬동 341-76,36.484322,127.252138,00:00,23:59,없음,유료,1000원,20,,N,,N,1899-9161,세종특별자치시청,2019-08-13
"도담동도램마을상가앞BRT",무인대여소,,세종특별자치시 도담동 662,36.514085,127.258860,00:00,23:59,없음,유료,1000원,20,,N,,N,1899-9161,세종특별자치시청,2019-08-13
"도담동도램마을상가앞BRT",무인대여소,,세종특별자치시 도담동 660,36.5146291781,127.2585379097,00:00,23:59,없음,유료,1000원,20,,N,,N,1899-9161,세종특별자치시청,2019-08-13
"새롬고북측",무인대여소,,세종특별자치시 새롬동 산31,36.486916,127.248985,00:00,23:59,없음,유료,1000원,20,,N,,N,1899-9161,세종특별자치시청,2019-08-13
"가온마을214동",무인대여소,,세종특별자치시 다정동 산33-2,36.493701,127.240966,00:00,23:59,없음,유료,1000원,20,,N,,N,1899-9161,세종특별자치시청,2019-08-13
"봄빛문화공원중간",무인대여소,,세종특별자치시 다정동 342,36.4944280474,127.2430421878,00:00,23:59,없음,유료,1000원,20,,N,,N,1899-9161,세종특별자치시청,2019-08-13
"다정동택지별찌뜰근린공원",무인대여소,,세종특별자치시 다정동 385-1,36.499373,127.239875,00:00,23:59,없음,유료,1000원,20,,N,,N,1899-9161,세종특별자치시청,2019-08-13
"도램마을1002동앞BRT",무인대여소,,세종특별자치시 도담동 402,36.511757,127.260075,00:00,23:59,없음,유료,1000원,20,,N,,N,1899-9161,세종특별자치시청,2019-08-13
"건설청앞BRT",무인대여소,,세종특별자치시 어진동 560,36.5052951501,127.2628035353,00:00,23:59,없음,유료,1000원,20,,N,,N,1899-9161,세종특별자치시청,2019-08-13
"다정동품안뜰근린공원(가온901옆)",무인대여소,,세종특별자치시 다정동 14-1,36.495781,127.251968,00:00,23:59,없음,유료,1000원,20,,N,,N,1899-9161,세종특별자치시청,2019-08-13
"정부세종청사안내동앞BRT",무인대여소,,세종특별자치시 어진동 494,36.504864,127.261713,00:00,23:59,없음,유료,1000원,20,,N,,N,1899-9161,세종특별자치시청,2019-08-13
"정부세종청사버스터미널BRT",무인대여소,,세종특별자치시 어진동 561-1,36.5041969099,127.261445,00:00,23:59,없음,유료,1000원,20,,N,,N,1899-9161,세종특별자치시청,2019-08-13
"정부세종청사버스터미널BRT",무인대여소,,세종특별자치시 어진동 562,36.5036729828,127.2615732087,00:00,23:59,없음,유료,1000원,20,,N,,N,1899-9161,세종특별자치시청,2019-08-13
"산자부앞BRT",무인대여소,,세종특별자치시 어진동 494,36.500817,127.259844,00:00,23:59,없음,유료,1000원,20,,N,,N,1899-9161,세종특별자치시청,2019-08-13
"도시통합정보센터앞BRT",무인대여소,,세종특별자치시 나성동 726,36.494054,127.256616,00:00,23:59,없음,유료,1000원,20,,N,,N,1899-9161,세종특별자치시청,2019-08-13
"도시통합정보센터앞BRT",무인대여소,,세종특별자치시 나성동 726,36.493558,127.256564,00:00,23:59,없음,유료,1000원,20,,N,,N,1899-9161,세종특별자치시청,2019-08-13
"가온803동남측",무인대여소,,세종특별자치시 다정동 17,36.494938,127.249746,00:00,23:59,없음,유료,1000원,20,,N,,N,1899-9161,세종특별자치시청,2019-08-13
"가온806남측",무인대여소,,세종특별자치시 다정동 363-119,36.494512,127.251713,00:00,23:59,없음,유료,1000원,20,,N,,N,1899-9161,세종특별자치시청,2019-08-13
"다장동달님뜰근린공원중간",무인대여소,,세종특별자치시 다정동 363-139,36.494374,127.252272,00:00,23:59,없음,유료,1000원,20,,N,,N,1899-9161,세종특별자치시청,2019-08-13
"나성동엘지베스트샵",무인대여소,,세종특별자치시 나성동 760,36.491374,127.256943,00:00,23:59,없음,유료,1000원,20,,N,,N,1899-9161,세종특별자치시청,2019-08-13
"가온1006옆2(해들뜰근린공원)",무인대여소,,세종특별자치시 다정동 363-37,36.490853,127.251984,00:00,23:59,없음,유료,1000원,20,,N,,N,1899-9161,세종특별자치시청,2019-08-13
"새롬동아름뜰근린공원(새뜸1010옆)",무인대여소,,세종특별자치시 다정동 363-409,36.490511,127.252334,00:00,23:59,없음,유료,1000원,20,,N,,N,1899-9161,세종특별자치시청,2019-08-13
"나성동명동프라자건너편BRT",무인대여소,,세종특별자치시 나성동 726,36.488186,127.257360,00:00,23:59,없음,유료,1000원,20,,N,,N,1899-9161,세종특별자치시청,2019-08-13
"가재마을1101동앞",무인대여소,,세종특별자치시 종촌동 701,36.504425,127.251843,00:00,23:59,없음,유료,1000원,20,,N,,N,1899-9161,세종특별자치시청,2019-08-13
"나성동명동프라자건너편BRT",무인대여소,,세종특별자치시 나성동 726,36.487754,127.257568,00:00,23:59,없음,유료,1000원,20,,N,,N,1899-9161,세종특별자치시청,2019-08-13
"나성동에스빌딩건너편BRT",무인대여소,,세종특별자치시 나성동 377-2,36.487143,127.257860,00:00,23:59,없음,유료,1000원,20,,N,,N,1899-9161,세종특별자치시청,2019-08-13
"나성동에스제이타워건너편BRT",무인대여소,,세종특별자치시 나성동 726,36.486723,127.258087,00:00,23:59,없음,유료,1000원,20,,N,,N,1899-9161,세종특별자치시청,2019-08-13
"종촌동 주민센터",무인대여소,,세종특별자치시 종촌동 677,36.5044882685,127.2470239407,00:00,23:59,없음,유료,1000원,20,,N,,N,1899-9161,세종특별자치시청,2019-08-13
"국세청앞BRT",무인대여소,,세종특별자치시 나성동 726,36.484634,127.259509,00:00,23:59,없음,유료,1000원,20,,N,,N,1899-9161,세종특별자치시청,2019-08-13
"해양경찰청앞BRT",무인대여소,,세종특별자치시 나성동 772,36.483914837,127.260971692,00:00,23:59,없음,유료,1000원,20,,N,,N,1899-9161,세종특별자치시청,2019-08-13
"해양경찰청앞BRT",무인대여소,,세종특별자치시 나성동 772,36.483914837,127.260971692,00:00,23:59,없음,유료,1000원,20,,N,,N,1899-9161,세종특별자치시청,2019-08-13
"한솔동환승주차장남측B",무인대여소,,세종특별자치시 나성동 778,36.4814401983,127.2621529843,00:00,23:59,없음,유료,1000원,20,,N,,N,1899-9161,세종특별자치시청,2019-08-13
"가재마을403동앞",무인대여소,,세종특별자치시 종촌동 640,36.5068944148,127.2433057192,00:00,23:59,없음,유료,1000원,20,,N,,N,1899-9161,세종특별자치시청,2019-08-13
"한솔동금강프라자건너편BRT",무인대여소,,세종특별자치시 나성동 143-1,36.479914,127.262975,00:00,23:59,없음,유료,1000원,20,,N,,N,1899-9161,세종특별자치시청,2019-08-13
LH분양홍보관,무인대여소,,세종특별자치시 나성동 706,36.4806172951,127.2668609037,00:00,23:59,없음,유료,1000원,20,,N,,N,1899-9161,세종특별자치시청,2019-08-13
"가재마을302동앞",무인대여소,,세종특별자치시 종촌동 680,36.504368,127.241438,00:00,23:59,없음,유료,1000원,20,,N,,N,1899-9161,세종특별자치시청,2019-08-13
"나성동갈매로",무인대여소,,세종특별자치시 나성동 213-2,36.484868,127.266287,00:00,23:59,없음,유료,1000원,20,,N,,N,1899-9161,세종특별자치시청,2019-08-13
"나성동갈매로",무인대여소,,세종특별자치시 나성동 305-1,36.489469,127.263175,00:00,23:59,없음,유료,1000원,20,,N,,N,1899-9161,세종특별자치시청,2019-08-13
"나성동갈매로",무인대여소,,세종특별자치시 나성동 353,36.491111,127.262638,00:00,23:59,없음,유료,1000원,20,,N,,N,1899-9161,세종특별자치시청,2019-08-13
"범지기마을408동건너편",무인대여소,,세종특별자치시 아름동 1458,36.508518,127.250018,00:00,23:59,없음,유료,1000원,20,,N,,N,1899-9161,세종특별자치시청,2019-08-13
"어진동세종푸르지오씨티",무인대여소,,세종특별자치시 어진동 750,36.495654,127.263408,00:00,23:59,없음,유료,1000원,20,,N,,N,1899-9161,세종특별자치시청,2019-08-13
"어진동세종푸르지오시티",무인대여소,,세종특별자치시 어진동 750,36.495494,127.263804,00:00,23:59,없음,유료,1000원,20,,N,,N,1899-9161,세종특별자치시청,2019-08-13
"범지기마을1108동앞",무인대여소,,세종특별자치시 아름동 1363,36.5105039603,127.2512640651,00:00,23:59,없음,유료,1000원,20,,N,,N,1899-9161,세종특별자치시청,2019-08-13
"범지기마을1208동앞 버스정류장",무인대여소,,세종특별자치시 도담동 929,36.511586,127.253183,00:00,23:59,없음,유료,1000원,20,,N,,N,1899-9161,세종특별자치시청,2019-08-13
"호수공원방울새공원건너편",무인대여소,,세종특별자치시 연기면 세종리 1201,36.4971212479,127.2734522471,00:00,23:59,없음,유료,1000원,20,,N,,N,1899-9161,세종특별자치시청,2019-08-13
"범지기마을1203동앞",무인대여소,,세종특별자치시 아름동 1276,36.5119010242,127.250942557,00:00,23:59,없음,유료,1000원,20,,N,,N,1899-9161,세종특별자치시청,2019-08-13
"세종컨벤션센터2주차장옆소나무숲길",무인대여소,,세종특별자치시 어진동 619,36.5004371268,127.2705648891,00:00,23:59,없음,유료,1000원,20,,N,,N,1899-9161,세종특별자치시청,2019-08-13
"호수공원소나무숲길",무인대여소,,세종특별자치시 어진동 619,36.5004371268,127.2705648891,00:00,23:59,없음,유료,1000원,20,,N,,N,1899-9161,세종특별자치시청,2019-08-13
"범지기마을806동앞",무인대여소,,세종특별자치시 아름동 1458,36.514970,127.250704,00:00,23:59,없음,유료,1000원,20,,N,,N,1899-9161,세종특별자치시청,2019-08-13
"대통령기록관건너편녹지",무인대여소,,세종특별자치시 어진동 620,36.5003589652,127.2714181055,00:00,23:59,없음,유료,1000원,20,,N,,N,1899-9161,세종특별자치시청,2019-08-13
"대통령기록관건너편",무인대여소,,세종특별자치시 어진동 734,36.501324,127.272229,00:00,23:59,없음,유료,1000원,20,,N,,N,1899-9161,세종특별자치시청,2019-08-13
"대통령기록관건너편",무인대여소,,세종특별자치시 어진동 734,36.501506,127.272159,00:00,23:59,없음,유료,1000원,20,,N,,N,1899-9161,세종특별자치시청,2019-08-13
"호수공원중앙수목원로",무인대여소,,세종특별자치시 연기면 세종리 1201,36.4971212479,127.2734522471,00:00,23:59,없음,유료,1000원,20,,N,,N,1899-9161,세종특별자치시청,2019-08-13
"어진동홈플러스건너편스포츠센터옆",무인대여소,,세종특별자치시 어진동 688,36.507592,127.257419,00:00,23:59,없음,유료,1000원,20,,N,,N,1899-9161,세종특별자치시청,2019-08-13
"별뜰근린공원",무인대여소,,세종특별자치시 다정동 565,36.499407,127.232544,00:00,23:59,없음,유료,1000원,20,,N,,N,1899-9161,세종특별자치시청,2019-08-13
"호수공원수변공원축제용",무인대여소,,세종특별자치시 연기면 세종리 1201,36.4971212479,127.2734522471,00:00,23:59,없음,유료,1000원,20,,N,,N,1899-9161,세종특별자치시청,2019-08-13
"코스트코입구건너편",무인대여소,,세종특별자치시 대평동 584-2,36.468194,127.268389,00:00,23:59,없음,유료,1000원,20,,N,,N,1899-9161,세종특별자치시청,2019-08-13
"국세청앞 BRT",무인대여소,,세종특별자치시 나성동 770,36.4852745634,127.2602952421,00:00,23:59,없음,유료,1000원,20,,N,,N,1899-9161,세종특별자치시청,2019-08-13
"국세청앞",무인대여소,,세종특별자치시 나성동 770,36.4852745634,127.2602952421,00:00,23:59,없음,유료,1000원,20,,N,,N,1899-9161,세종특별자치시청,2019-08-13
"세종SJ타워앞",무인대여소,,세종특별자치시 나성동 746,36.486458,127.25745361,00:00,23:59,없음,유료,1000원,20,,N,,N,1899-9161,세종특별자치시청,2019-08-13
"에스빌딩앞",무인대여소,,세종특별자치시 나성동 745,36.4868049141,127.257253962,00:00,23:59,없음,유료,1000원,20,,N,,N,1899-9161,세종특별자치시청,2019-08-13
"나성동 BRT앞",무인대여소,,세종특별자치시 나성동 744,36.487465,127.257111,00:00,23:59,없음,유료,1000원,20,,N,,N,1899-9161,세종특별자치시청,2019-08-13
"행복의아침 빌딩",무인대여소,,세종특별자치시 나성동 726,36.490240,127.256734,00:00,23:59,없음,유료,1000원,20,,N,,N,1899-9161,세종특별자치시청,2019-08-13
"세종뱅크빌딩",무인대여소,,세종특별자치시 어진동 495,36.495246,127.256886,00:00,23:59,없음,유료,1000원,20,,N,,N,1899-9161,세종특별자치시청,2019-08-13
"세종뱅크빌딩2",무인대여소,,세종특별자치시 어진동 686,36.495425334,127.257228915,00:00,23:59,없음,유료,1000원,20,,N,,N,1899-9161,세종특별자치시청,2019-08-13
"다정교",무인대여소,,세종특별자치시 나성동 726,36.494621,127.256346,00:00,23:59,없음,유료,1000원,20,,N,,N,1899-9161,세종특별자치시청,2019-08-13
"세종뱅크빌딩 건너편",무인대여소,,세종특별자치시 어진동 681,36.496023,127.256610,00:00,23:59,없음,유료,1000원,20,,N,,N,1899-9161,세종특별자치시청,2019-08-13
"도램마을11단지앞",무인대여소,,세종특별자치시 도담동 653,36.5137244795,127.2600900232,00:00,23:59,없음,유료,1000원,20,,N,,N,1899-9161,세종특별자치시청,2019-08-13
"호만빌딩앞",무인대여소,,세종특별자치시 종촌동 658,36.504512,127.24964622,00:00,23:59,없음,유료,1000원,20,,N,,N,1899-9161,세종특별자치시청,2019-08-13
"종촌동공영주차장",무인대여소,,세종특별자치시 종촌동 664,36.503709,127.249706252,00:00,23:59,없음,유료,1000원,20,,N,,N,1899-9161,세종특별자치시청,2019-08-13
"리버사이드빌딩앞",무인대여소,,세종특별자치시 종촌동 701,36.502979,127.250156,00:00,23:59,없음,유료,1000원,20,,N,,N,1899-9161,세종특별자치시청,2019-08-13
"가재마을 호반201동입구",무인대여소,,세종특별자치시 종촌동 683,36.5021745759,127.24457109,00:00,23:59,없음,유료,1000원,20,,N,,N,1899-9161,세종특별자치시청,2019-08-13
"푸르지오시티2차",무인대여소,,세종특별자치시 어진동 747,36.494919,127.266949,00:00,23:59,없음,유료,1000원,20,,N,,N,1899-9161,세종특별자치시청,2019-08-13
"세움빌딩후면",무인대여소,,세종특별자치시 새롬동 산75,36.4852142223,127.2547670186,00:00,23:59,없음,유료,1000원,20,,N,,N,1899-9161,세종특별자치시청,2019-08-13
"새롬빌딩",무인대여소,,세종특별자치시 새롬동 산26,36.486053,127.250138,00:00,23:59,없음,유료,1000원,20,,N,,N,1899-9161,세종특별자치시청,2019-08-13
"아름동 해피라움3 앞",무인대여소,,세종특별자치시 아름동 1359,36.511553,127.248629,00:00,23:59,없음,유료,1000원,20,,N,,N,1899-9161,세종특별자치시청,2019-08-13
"새뜸마을 508동 주민공동시설앞",무인대여소,,세종특별자치시 새롬동 341-40,36.4835946003,127.252324286,00:00,23:59,없음,유료,1000원,20,,N,,N,1899-9161,세종특별자치시청,2019-08-13
"당암육교",무인대여소,,세종특별자치시 고운동 739-307,36.499820,127.231915,00:00,23:59,없음,유료,1000원,20,,N,,N,1899-9161,세종특별자치시청,2019-08-13
"해들마을4단지 입구",무인대여소,,세종특별자치시 대평동 90-1,36.471289,127.280574,00:00,23:59,없음,유료,1000원,20,,N,,N,1899-9161,세종특별자치시청,2019-08-13
"해들마을 408동 앞",무인대여소,,세종특별자치시 대평동 38-12,36.472857,127.283919,00:00,23:59,없음,유료,1000원,20,,N,,N,1899-9161,세종특별자치시청,2019-08-13
"르네상스빌딩 앞",무인대여소,,세종특별자치시 나성동 768,36.4856202671,127.259115969,00:00,23:59,없음,유료,1000원,20,,N,,N,1899-9161,세종특별자치시청,2019-08-13
"가재마을7단지",무인대여소,,세종특별자치시 종촌동 649-2,36.505187,127.249233,00:00,23:59,없음,유료,1000원,20,,N,,N,1899-9161,세종특별자치시청,2019-08-13
"세종호수공원 제1주차장",무인대여소,,세종특별자치시 연기면 세종리 1201,36.4971212479,127.2734522471,00:00,23:59,없음,유료,1000원,20,,N,,N,1899-9161,세종특별자치시청,2019-08-13
"수루배 마을 BRT 북측",무인대여소,,세종특별자치시 반곡동 41-10,36.497748,127.310530,00:00,23:59,없음,유료,1000원,20,,N,,N,1899-9161,세종특별자치시청,2019-08-13
"수루배 마을 BRT남측",무인대여소,,세종특별자치시 반곡동 42-1,36.497302,127.310543,00:00,23:59,없음,유료,1000원,20,,N,,N,1899-9161,세종특별자치시청,2019-08-13
"세종우체국 보행교 북측",무인대여소,,세종특별자치시 보람동 625-7,36.479857,127.291021,00:00,23:59,없음,유료,1000원,20,,N,,N,1899-9161,세종특별자치시청,2019-08-13
"보람동과멱복지센터 보행교 남단",무인대여소,,세종특별자치시 보람동 630-1,36.479361,127.291207,00:00,23:59,없음,유료,1000원,20,,N,,N,1899-9161,세종특별자치시청,2019-08-13
"세종이마트 버스정류장",무인대여소,,세종특별자치시 가람동 65,36.470509,127.251684,00:00,23:59,없음,유료,1000원,20,,N,,N,1899-9161,세종특별자치시청,2019-08-13
"세움중",무인대여소,,세종특별자치시 다정동 363-261,36.490402,127.247528,00:00,23:59,없음,유료,1000원,20,,N,,N,1899-9161,세종특별자치시청,2019-08-13
e편한세상415동 옆도로,무인대여소,,세종특별자치시 다정동 363-251,36.491361,127.249468,00:00,23:59,없음,유료,1000원,20,,N,,N,1899-9161,세종특별자치시청,2019-08-13
e편한세상403동 앞,무인대여소,,세종특별자치시 다정동 363-193,36.493506,127.248936,00:00,23:59,없음,유료,1000원,20,,N,,N,1899-9161,세종특별자치시청,2019-08-13
"수루배 3단지",무인대여소,,세종특별자치시 반곡동 41-7,36.498208,127.309493,00:00,23:59,없음,유료,1000원,20,,N,,N,1899-9161,세종특별자치시청,2019-08-13
"조치원 고용노동부 세종고용센터",무인대여소,,세종특별자치시 조치원읍 상리 96,36.6017318961,127.3029886070,00:00,23:59,없음,유료,1000원,20,,N,,N,1899-9161,세종특별자치시청,2019-08-13
"조치원읍 삼일아파트",무인대여소,,세종특별자치시 조치원읍 죽림리 21-5,36.594918,127.297280,00:00,23:59,없음,유료,1000원,20,,N,,N,1899-9161,세종특별자치시청,2019-08-13
"조치원읍 세종시민체육관",무인대여소,,세종특별자치시 조치원읍 신흥리 380,36.5952028874,127.2841703687,00:00,23:59,없음,유료,1000원,20,,N,,N,1899-9161,세종특별자치시청,2019-08-13
"조치원읍 욱일아파트",무인대여소,,세종특별자치시 조치원읍 침산리 34-5,36.602844,127.289963,00:00,23:59,없음,유료,1000원,20,,N,,N,1899-9161,세종특별자치시청,2019-08-13
"조치원역 서편",무인대여소,,세종특별자치시 조치원읍 원리 151-5,36.602172,127.294963,00:00,23:59,없음,유료,1000원,20,,N,,N,1899-9161,세종특별자치시청,2019-08-13
"조치원읍 세종서창행복주택",무인대여소,,세종특별자치시 조치원읍 서창리 92-5,36.610198,127.296809,00:00,23:59,없음,유료,1000원,20,,N,,N,1899-9161,세종특별자치시청,2019-08-13
"홍익대학교 정문",무인대여소,,세종특별자치시 조치원읍 신안리 314-1,36.621048,127.290559,00:00,23:59,없음,유료,1000원,20,,N,,N,1899-9161,세종특별자치시청,2019-08-13
"조치원읍 중앙요양병원",무인대여소,,세종특별자치시 조치원읍 신안리 487,36.614142,127.288727,00:00,23:59,없음,유료,1000원,20,,N,,N,1899-9161,세종특별자치시청,2019-08-13
"가락마을 908동",무인대여소,,세종특별자치시 고운동 1408,36.5111170720,127.2286675159,00:00,23:59,없음,유료,1000원,20,,N,,N,1899-9161,세종특별자치시청,2019-08-13
"새롬동 에스월드빌딩",무인대여소,,세종특별자치시 새롬동 산 21,36.485451,127.250522574,00:00,23:59,없음,유료,1000원,20,,N,,N,1899-9161,세종특별자치시청,2019-08-13
"새뜸마을 418동",무인대여소,,세종특별자치시 새롬동 283-3,36.489613,127.245599,00:00,23:59,없음,유료,1000원,20,,N,,N,1899-9161,세종특별자치시청,2019-08-13
"가락마을 111동",무인대여소,,세종특별자치시 고운동 1729,36.504293,127.234777,00:00,23:59,없음,유료,1000원,20,,N,,N,1899-9161,세종특별자치시청,2019-08-13
"정부세종청사 시외버스터미널",무인대여소,,세종특별자치시 어진동 561-1,36.5041969099,127.261499639,00:00,23:59,없음,유료,1000원,20,,N,,N,1899-9161,세종특별자치시청,2019-08-13
"수루배6단지 북측",무인대여소,,세종특별자치시 반곡동 825,36.495920,127.317530,00:00,23:59,없음,유료,1000원,20,,N,,N,1899-9161,세종특별자치시청,2019-08-13
"새샘마을6단지 106동",무인대여소,,세종특별자치시 소담동 32-24,36.481370,127.303800,00:00,23:59,없음,유료,1000원,20,,N,,N,1899-9161,세종특별자치시청,2019-08-13
"세종파이낸스 2차",무인대여소,,세종특별자치시 어진동 667,36.4968241171,127.2614887872,00:00,23:59,없음,유료,1000원,20,,N,,N,1899-9161,세종특별자치시청,2019-08-13
"세종파이낸스 2차",무인대여소,,세종특별자치시 어진동 668,36.496830,127.262500,00:00,23:59,없음,유료,1000원,20,,N,,N,1899-9161,세종특별자치시청,2019-08-13
"고려대학교",무인대여소,,세종특별자치시 조치원읍 서창리 50-5,36.609976,127.293226,00:00,23:59,없음,유료,1000원,20,,N,,N,1899-9161,세종특별자치시청,2019-08-13
"대평동 복합커뮤티센터",무인대여소,,세종특별자치시 대평동 90-1,36.470920,127.279640,00:00,23:59,없음,유료,1000원,20,,N,,N,1899-9161,세종특별자치시청,2019-08-13
"해들마을 6단지 정문",무인대여소,,세종특별자치시 대평동 567-1,36.4747817921,127.276491093,00:00,23:59,없음,유료,1000원,20,,N,,N,1899-9161,세종특별자치시청,2019-08-13
"해들마을 6단지 609동 인근",무인대여소,,세종특별자치시 대평동 567-4,36.473918,127.277168,00:00,23:59,없음,유료,1000원,20,,N,,N,1899-9161,세종특별자치시청,2019-08-13
"소담동복합커뮤니티 센터",무인대여소,,세종특별자치시 소담동 9-174,36.483993,127.300812,00:00,23:59,없음,유료,1000원,20,,N,,N,1899-9161,세종특별자치시청,2019-08-13
"어진교차로",무인대여소,,세종특별자치시 어진동 588,36.4984546114,127.2591367867,00:00,23:59,없음,유료,1000원,20,,N,,N,1899-9161,세종특별자치시청,2019-08-13
